UF,Crescimento_Anual_%
SC,2.1726980761002324
CE,1.3797360012229642
GO,1.326444640844615
MG,0.8639111391277599
BA,0.8123853988602381
DF,0.7855127515856042
SP,0.7603096397834852
RS,0.7569403901695582
RJ,0.6159158710360213
AM,0.6093221311470387
